{"timestamps": [1468194158.968124, 1468194164.522048, 1468194164.867635, 1468194164.96429, 1468194165.051208, 1468194165.15739, 1468194165.232944, 1468194165.314086, 1468194168.37869, 1468194168.666191, 1468194168.762661, 1468194168.826938, 1468194168.903486, 1468194168.973835, 1468194169.028264, 1468194169.109249, 1468194169.190895, 1468194169.266054, 1468194169.343646, 1468194169.420209, 1468194169.480403, 1468194169.559747, 1468194169.612716, 1468194169.679669, 1468194169.753587, 1468194169.810747, 1468194169.892706, 1468194169.902049], "initial_reset_timestamp": 1468194152.576626, "episode_lengths": [200, 193, 200, 200, 200, 200, 200, 200, 200, 200, 200, 200, 200, 200, 200, 187, 200, 200, 200, 200, 175, 200, 176, 200, 200, 176, 200, 0], "episode_rewards": [-200.0, -192.0, -200.0, -200.0, -200.0, -200.0, -200.0, -200.0, -200.0, -200.0, -200.0, -200.0, -200.0, -200.0, -200.0, -186.0, -200.0, -200.0, -200.0, -200.0, -174.0, -200.0, -175.0, -200.0, -200.0, -175.0, -200.0, 0]}