{"timestamps": [1468194043.659698, 1468194043.720274], "initial_reset_timestamp": 1468194041.137036, "episode_lengths": [200, 0], "episode_rewards": [200.0, 0]}